[
  {
    "panelUrl": "https://candra999.mafiapnel.my.id",
    "apiKey": "ptla_BepnjPar3OfokRYJcGuCvw2KB76pXW6vrwfDYrMIdhz",
    "clientKey": "ptlc_yYh5hhmbaGTkooG6qrSLyQbmopYUo85QI8HCdjC0jTQ",
    "timestamp": 1753606597246
  },
  {
    "panelUrl": "https://candra999.mafiapnel.my.id",
    "apiKey": "ptla_2j34kMyLx9cg4KvdyP7nTyqy3oiBn6RMeVrejCfqaJr",
    "clientKey": "ptlc_BM8qXObg0fcR35L0vyXqwuNPny5pbZsNti9tZoCGNMX",
    "timestamp": 1753607007049
  },
  {
    "panelUrl": "https://bilgamonn.serverku.space",
    "apiKey": "ptla_MVALibiBJvhGdms2JEpALTnoO7oEe75ebmYvOY1l7FN",
    "clientKey": "ptlc_tDz1iUXWBSdJE2FW59uXBYUYtOTFnMsP4ldVw3t07jX",
    "timestamp": 1753701658759
  },
  {
    "panelUrl": "https://serverpribadi.slebeww.biz.id",
    "apiKey": "ptla_Pzp2UzC8syq7KkKNfYVwupB0joaskgfr8ZHHhDjZNvt",
    "clientKey": "ptlc_4KTgIWMujzmbmKfofd3cy2Hd1LPXo4H8PbFKTKEOtTm",
    "timestamp": 1753709066137
  },
  {
    "panelUrl": "https://publicgembul.panelshopp.me",
    "apiKey": "ptla_tFEyiHphzSPxYxEMRfyiAsNARxmlfxtjXJDXeg3wArL",
    "clientKey": "ptlc_D6mW5TjdzEf12CT6xRUrhWINhubePMYtNy75Zn9lmEW",
    "timestamp": 1753720585373
  },
  {
    "panelUrl": "https://syahxmasvilxkhusus.slebeww.biz.id",
    "apiKey": "ptla_EhUatNnlnXVxfBMDUiV1xUx85wjuRJM7HDES4Gi38DY",
    "clientKey": "ptlc_VDbnZ3yTOO2UJVZR0clNzRPK9VJ5LUgB28qw3JnTnph",
    "timestamp": 1753971168571
  }
]